Reviewer,Study Area,Year,Camera,CamID,Cam Start Time,Cam End Time,Carcass removed (before cam end),Carcass last photo,CarcassAvailTime,Method of removal,Carcass Species,Distance to Road,DistRdRound,Folder,Subfolder,Obs Number3,Photo Start,Species,Date,Arrival Time,Weather,Temperature,Snow Cover,Departure Time,TotTime,Age,Complete Sequence ,Reason for departure,Eagle Interactions,Vehicle Present,Photo End,Quality,Comments
Zach,OR,2017-2018,Cam1_sd1A_11182017_02142018_Deer,26,11/18/17 11:42,2/14/18 11:42,N,2/14/18 11:42,2111:59:20,,Deer,20,20,Cam1_11-18,103EK113,3,592,Golden Eagle,11/21/17,13:44:48,Cloudy,15,0,13:44:59,0:00:11,Adult,Yes - captured arrival and departure,Unknown,2,No,595,2,None
Zach,OR,2017-2018,Cam1_sd1A_11182017_02142018_Deer,26,11/18/17 11:42,2/14/18 11:42,N,2/14/18 11:42,2111:59:20,,Deer,20,20,Cam1_11-18,103EK113,2,592,Golden Eagle,11/21/17,13:44:48,Cloudy,15,0,13:58:24,0:13:36,Adult,No - missing arrival,Small vehicle,3,Yes,715,2,None
Zach,OR,2017-2018,Cam1_sd1A_11182017_02142018_Deer,26,11/18/17 11:42,2/14/18 11:42,N,2/14/18 11:42,2111:59:20,,Deer,20,20,Cam1_11-18,103EK113 - 104EK114,5,"0720, 0001",Golden Eagle,11/21/17,14:00:24,Cloudy,15,0,14:26:49,0:26:25,Unknown,No - missing departure,Incomplete,4,No,"0999, 0067",2,None
Zach,OR,2017-2018,Cam1_sd1A_11182017_02142018_Deer,26,11/18/17 11:42,2/14/18 11:42,N,2/14/18 11:42,2111:59:20,,Deer,20,20,Cam1_11-18,103EK113 - 104EK113,4,"0718, 0001",Golden Eagle,11/21/17,14:00:22,Cloudy,15,0,14:53:33,0:53:11,Adult,No - missing arrival,Unknown,5,Yes,"0999, 0439",2,None
Zach,OR,2017-2018,Cam1_sd1A_11182017_02142018_Deer,26,11/18/17 11:42,2/14/18 11:42,N,2/14/18 11:42,2111:59:20,,Deer,20,20,Cam1_11-18,103EK113,1,586,Golden Eagle,11/21/17,13:43:05,Cloudy,15,0,13:43:05,0:00:00,Unknown,Yes - captured arrival and departure,Unknown,None,No,586,2,Eagle flew by carcass but did not stop or land
Zach,OR,2017-2018,Cam1_sd1A_11182017_02142018_Deer,26,11/18/17 11:42,2/14/18 11:42,N,2/14/18 11:42,2111:59:20,,Deer,20,20,Cam1_11-18,104EK113,6,442,Golden Eagle,11/21/17,14:53:47,Cloudy,20,0,15:12:17,0:18:30,Adult,Yes - captured arrival and departure,Unknown,None,No,598,2,None
Zach,OR,2017-2018,Cam1_sd1A_11182017_02142018_Deer,26,11/18/17 11:42,2/14/18 11:42,N,2/14/18 11:42,2111:59:20,,Deer,20,20,Cam1_11-18,104EK113,7,607,Golden Eagle,11/21/17,15:14:00,Cloudy,16,0,15:19:40,0:05:40,Adult,Yes - captured arrival and departure,Large vehicle,None,Yes,683,2,None
Zach,OR,2017-2018,Cam1_sd1A_11182017_02142018_Deer,26,11/18/17 11:42,2/14/18 11:42,N,2/14/18 11:42,2111:59:20,,Deer,20,20,Cam1_11-18,104EK113,8,688,Golden Eagle,11/21/17,15:21:20,Cloudy,17,0,15:21:20,0:00:00,Unknown,Yes - captured arrival and departure,Unknown,None,No,688,2,Eagle flew by carcass but did not stop or land
Zach,OR,2017-2018,Cam1_sd1A_11182017_02142018_Deer,26,11/18/17 11:42,2/14/18 11:42,N,2/14/18 11:42,2111:59:20,,Deer,20,20,Cam1_11-18,104EK113,9,721,Golden Eagle,11/21/17,15:24:41,Cloudy,17,0,15:27:15,0:02:34,Unknown,No - missing arrival,Large vehicle,None,Yes,739,2,None
Zach,OR,2017-2018,Cam1_sd1A_11182017_02142018_Deer,26,11/18/17 11:42,2/14/18 11:42,N,2/14/18 11:42,2111:59:20,,Deer,20,20,Cam1_11-18,104EK113,10,742,Golden Eagle,11/21/17,15:29:40,Partly Cloudy,15,0,15:41:03,0:11:23,Adult,No - missing arrival,Semi,None,Yes,871,2,None
Zach,OR,2017-2018,Cam1_sd1A_11182017_02142018_Deer,26,11/18/17 11:42,2/14/18 11:42,N,2/14/18 11:42,2111:59:20,,Deer,20,20,Cam1_11-18,104EK113 - 105EK113,11,"0874, 0001",Golden Eagle,11/21/17,15:43:44,Cloudy,15,0,16:04:06,0:20:22,Adult,No - missing arrival,Unknown,None,Yes,"0999, 0219",2,None
Zach,OR,2017-2018,Cam1_sd1A_11182017_02142018_Deer,26,11/18/17 11:42,2/14/18 11:42,N,2/14/18 11:42,2111:59:20,,Deer,20,20,Cam1_11-18,105EK113,12,235,Bald Eagle,11/21/17,16:14:02,Cloudy,15,0,16:34:57,0:20:55,Adult,No - missing arrival,Unknown,None,Yes,450,2,None
Zach,OR,2017-2018,Cam1_sd1A_11182017_02142018_Deer,26,11/18/17 11:42,2/14/18 11:42,N,2/14/18 11:42,2111:59:20,,Deer,20,20,Cam1_11-18,105EK113 - 106EK113,13,"0868, 0001",Golden Eagle,11/22/17,11:33:09,Cloudy,17,0,12:25:04,0:51:55,Adult,No - missing departure,Incomplete,None,Yes,"0999, 0844",2,None
Zach,OR,2017-2018,Cam1_sd1A_11182017_02142018_Deer,26,11/18/17 11:42,2/14/18 11:42,N,2/14/18 11:42,2111:59:20,,Deer,20,20,Cam1_11-18,106EK113,14,853,Golden Eagle,11/22/17,12:25:47,Cloudy,30,0,12:27:08,0:01:21,Adult,No - missing arrival and departure,Incomplete,None,Yes,869,2,flush not captured but occured 1 second before large vehicle in frame
Zach,OR,2017-2018,Cam1_sd1A_11182017_02142018_Deer,26,11/18/17 11:42,2/14/18 11:42,N,2/14/18 11:42,2111:59:20,,Deer,20,20,Cam1_11-18,106EK113 - 107EK113,15,"0871, 0001",Golden Eagle,11/22/17,12:27:44,Cloudy,27,0,12:43:52,0:16:08,Adult,No - missing arrival,Large vehicle,None,Yes,"0999, 0097",2,None
Zach,OR,2017-2018,Cam1_sd1A_11182017_02142018_Deer,26,11/18/17 11:42,2/14/18 11:42,N,2/14/18 11:42,2111:59:20,,Deer,20,20,Cam1_11-18,107EK113,16,162,Golden Eagle,11/22/17,12:50:24,Cloudy,23,0,12:52:58,0:02:34,Adult,Yes - captured arrival and departure,Large vehicle,None,Yes,196,2,None
Zach,OR,2017-2018,Cam1_sd1A_11182017_02142018_Deer,26,11/18/17 11:42,2/14/18 11:42,N,2/14/18 11:42,2111:59:20,,Deer,20,20,Cam1_11-18,107EK113,17,337,Golden Eagle,11/22/17,15:22:13,Cloudy,15,0,15:25:00,0:02:47,Adult,No - missing arrival and departure,Incomplete,None,Yes,375,2,None
Zach,OR,2017-2018,Cam1_sd1A_11182017_02142018_Deer,26,11/18/17 11:42,2/14/18 11:42,N,2/14/18 11:42,2111:59:20,,Deer,20,20,Cam1_11-18,107EK113,18,436,Golden Eagle,11/23/17,8:15:20,Partly Cloudy,10,0,8:25:48,0:10:28,Adult,Yes - captured arrival and departure,Unknown,None,Yes,634,2,None
Cynthia,OR,2018-2019,Cam3B_sd1B_111818_021919_pt073_deer,53,11/18/18 13:26,2/2/19 12:39,N,2/2/19 12:39,1823:13:16,,Deer,5,5,Dec3-Dec21,102EK113,2,12040751,Golden Eagle,12/4/18,15:27:26,Sunny,7,0,15:29:51,0:02:25,Adult,No - missing arrival and departure,Incomplete,1,No,12040763,2,
Cynthia,OR,2018-2019,Cam3B_sd1B_111818_021919_pt073_deer,53,11/18/18 13:26,2/2/19 12:39,N,2/2/19 12:39,1823:13:16,,Deer,5,5,Dec3-Dec21,102EK113,3,12040775,Golden Eagle,12/4/18,15:34:15,Sunny,6,0,15:34:27,0:00:12,Adult,No - missing arrival and departure,Incomplete,1,No,12040780,2,Just sat on the post nearby for a bit
Cynthia,OR,2018-2019,Cam3B_sd1B_111818_021919_pt073_deer,53,11/18/18 13:26,2/2/19 12:39,N,2/2/19 12:39,1823:13:16,,Deer,5,5,Dec3-Dec21,102EK113,4,12040838,Golden Eagle,12/4/18,15:54:57,Sunny,3,0,15:54:59,0:00:02,Not Adult,No - missing arrival and departure,Incomplete,1,No,12040840,2,
Cynthia,OR,2018-2019,Cam3B_sd1B_111818_021919_pt073_deer,53,11/18/18 13:26,2/2/19 12:39,N,2/2/19 12:39,1823:13:16,,Deer,5,5,Dec3-Dec21,102EK113,5,12040877,Golden Eagle,12/4/18,16:13:47,Sunny,1,0,16:15:59,0:02:12,Adult,No - missing arrival and departure,Incomplete,1,No,12040885,2,
Cynthia,OR,2018-2019,Cam3B_sd1B_111818_021919_pt073_deer,53,11/18/18 13:26,2/2/19 12:39,N,2/2/19 12:39,1823:13:16,,Deer,5,5,Dec3-Dec21,102EK113,6,12040901,Golden Eagle,12/4/18,16:22:06,Sunny,1,0,16:26:45,0:04:39,Not Adult,Yes - captured arrival and departure,Large vehicle,1,Yes,12040922,2,
Cynthia,OR,2018-2019,Cam3B_sd1B_111818_021919_pt073_deer,53,11/18/18 13:26,2/2/19 12:39,N,2/2/19 12:39,1823:13:16,,Deer,6,6,Dec3-Dec21,112EK113,8,12120817,Bald Eagle,12/12/18,15:53:29,Sunny,7,0,15:54:04,0:00:35,Adult,No - missing arrival and departure,Incomplete,7,No,12120828,2,
Cynthia,OR,2018-2019,Cam3B_sd1B_111818_021919_pt073_deer,53,11/18/18 13:26,2/2/19 12:39,N,2/2/19 12:39,1823:13:16,,Deer,6,6,Dec3-Dec21,112EK113,9,12120832,Bald Eagle,12/12/18,15:55:01,Sunny,8,0,15:55:49,0:00:48,Adult,No - missing arrival and departure,Incomplete,7,Yes,12120840,2,
Cynthia,OR,2018-2019,Cam3B_sd1B_111818_021919_pt073_deer,53,11/18/18 13:26,2/2/19 12:39,N,2/2/19 12:39,1823:13:16,,Deer,6,6,Nov18-Dec3,111EK113,24,11280909,Golden Eagle,11/28/18,10:11:31,Partly Cloudy,30,0,10:11:32,0:00:01,Unknown,No - missing arrival and departure,Unknown,23,No,11280910,1,
Cynthia,OR,2018-2019,Cam3B_sd1B_111818_021919_pt073_deer,53,11/18/18 13:26,2/2/19 12:39,N,2/2/19 12:39,1823:13:16,,Deer,6,6,Nov18-Dec3,111EK113,23,11280905,Golden Eagle,11/28/18,10:09:47,Partly Cloudy,28,0,10:11:32,0:01:45,Unknown,No - missing arrival,Intraspecific eagle,24,No,11280910,1,
Cynthia,OR,2018-2019,Cam3B_sd1B_111818_021919_pt073_deer,53,11/18/18 13:26,2/2/19 12:39,N,2/2/19 12:39,1823:13:16,,Deer,5,5,Dec3-Dec21,102EK113,1,12040715,Golden Eagle,12/4/18,15:12:39,Sunny,10,0,16:23:57,1:11:18,Adult,No - missing arrival and departure,Intraspecific eagle,"2,3,4,5,6",Yes,12040915,2,
Cynthia,OR,2018-2019,Cam3B_sd1B_111818_021919_pt073_deer,53,11/18/18 13:26,2/2/19 12:39,N,2/2/19 12:39,1823:13:16,,Deer,6,6,Dec3-Dec21,112EK113,7,12120706,Golden Eagle,12/12/18,14:59:27,Cloudy,7,0,15:55:39,0:56:12,Adult,No - missing arrival and departure,Incomplete,"8,9",Yes,12120835,2,Eagle moved carcass and it looked to be about a foot
Cynthia,OR,2018-2019,Cam3B_sd1B_111818_021919_pt073_deer,53,11/18/18 13:26,2/2/19 12:39,N,2/2/19 12:39,1823:13:16,,Deer,6,6,Dec3-Dec21,112EK113,10,12120844,Bald Eagle,12/12/18,15:56:26,Sunny,8,0,15:58:38,0:02:12,Adult,No - missing arrival,Unknown,None,No,12120853,2,
Cynthia,OR,2018-2019,Cam3B_sd1B_111818_021919_pt073_deer,53,11/18/18 13:26,2/2/19 12:39,N,2/2/19 12:39,1823:13:16,,Deer,6,6,Nov18-Dec3,101EK113,11,11190222,Golden Eagle,11/19/18,10:47:12,Sunny,26,0,10:47:26,0:00:14,Adult,Yes - captured arrival and departure,Large vehicle,None,Yes,11190227,2,Camera is shifted down and to the right from the last set
Cynthia,OR,2018-2019,Cam3B_sd1B_111818_021919_pt073_deer,53,11/18/18 13:26,2/2/19 12:39,N,2/2/19 12:39,1823:13:16,,Deer,6,6,Nov18-Dec3,101EK113,12,11190240,Golden Eagle,11/19/18,10:48:26,Sunny,26,0,10:49:34,0:01:08,Adult,No - missing arrival,Small vehicle,None,Yes,11190253,2,
Cynthia,OR,2018-2019,Cam3B_sd1B_111818_021919_pt073_deer,53,11/18/18 13:26,2/2/19 12:39,N,2/2/19 12:39,1823:13:16,,Deer,6,6,Nov18-Dec3,101EK113,13,11190257,Golden Eagle,11/19/18,10:50:16,Sunny,26,0,10:50:16,0:00:00,Adult,No - missing arrival and departure,Incomplete,None,Yes,11190257,2,
Cynthia,OR,2018-2019,Cam3B_sd1B_111818_021919_pt073_deer,53,11/18/18 13:26,2/2/19 12:39,N,2/2/19 12:39,1823:13:16,,Deer,6,6,Nov18-Dec3,101EK113,14,11190299,Golden Eagle,11/19/18,10:54:18,Sunny,25,0,10:55:24,0:01:06,Adult,No - missing arrival and departure,Incomplete,None,Yes,11190319,2,
Cynthia,OR,2018-2019,Cam3B_sd1B_111818_021919_pt073_deer,53,11/18/18 13:26,2/2/19 12:39,N,2/2/19 12:39,1823:13:16,,Deer,6,6,Nov18-Dec3,101EK113,15,11190353,Golden Eagle,11/19/18,10:58:19,Sunny,25,0,10:58:59,0:00:40,Adult,No - missing departure,Incomplete,None,Yes,11190365,2,
Cynthia,OR,2018-2019,Cam3B_sd1B_111818_021919_pt073_deer,53,11/18/18 13:26,2/2/19 12:39,N,2/2/19 12:39,1823:13:16,,Deer,6,6,Nov18-Dec3,101EK113,16,11190380,Golden Eagle,11/19/18,11:00:04,Sunny,26,0,11:00:06,0:00:02,Unknown,No - missing arrival and departure,Incomplete,None,No,11190382,2,
Cynthia,OR,2018-2019,Cam3B_sd1B_111818_021919_pt073_deer,53,11/18/18 13:26,2/2/19 12:39,N,2/2/19 12:39,1823:13:16,,Deer,6,6,Nov18-Dec3,101EK113,17,11190402,Golden Eagle,11/19/18,11:02:36,Sunny,25,0,11:03:29,0:00:53,Adult,No - missing arrival and departure,Incomplete,None,Yes,11190411,2,
Cynthia,OR,2018-2019,Cam3B_sd1B_111818_021919_pt073_deer,53,11/18/18 13:26,2/2/19 12:39,N,2/2/19 12:39,1823:13:16,,Deer,6,6,Nov18-Dec3,101EK113,18,11190422,Golden Eagle,11/19/18,11:05:04,Sunny,25,0,11:33:18,0:28:14,Not Adult,No - missing arrival and departure,Incomplete,None,Yes,11190706,2,
Cynthia,OR,2018-2019,Cam3B_sd1B_111818_021919_pt073_deer,53,11/18/18 13:26,2/2/19 12:39,N,2/2/19 12:39,1823:13:16,,Deer,6,6,Nov18-Dec3,101EK113,19,11190720,Bald Eagle,11/19/18,11:34:17,Sunny,27,0,11:34:33,0:00:16,Not Adult,No - missing departure,Incomplete,None,No,11190727,2,
Cynthia,OR,2018-2019,Cam3B_sd1B_111818_021919_pt073_deer,53,11/18/18 13:26,2/2/19 12:39,N,2/2/19 12:39,1823:13:16,,Deer,6,6,Nov18-Dec3,101EK113,20,11190735,Bald Eagle,11/19/18,11:35:22,Sunny,27,0,11:37:23,0:02:01,Not Adult,No - missing departure,Incomplete,None,Yes,11190748,2,
Cynthia,OR,2018-2019,Cam3B_sd1B_111818_021919_pt073_deer,53,11/18/18 13:26,2/2/19 12:39,N,2/2/19 12:39,1823:13:16,,Deer,6,6,Nov18-Dec3,102EK113,21,11190365,Bald Eagle,11/19/18,12:36:37,Sunny,26,0,12:41:00,0:04:23,Adult,No - missing arrival and departure,Incomplete,None,Yes,11190419,2,
Cynthia,OR,2018-2019,Cam3B_sd1B_111818_021919_pt073_deer,53,11/18/18 13:26,2/2/19 12:39,N,2/2/19 12:39,1823:13:16,,Deer,6,6,Nov18-Dec3,103EK113,22,11190131,Bald Eagle,11/19/18,16:16:48,Sunny,6,0,16:25:01,0:08:13,Not Adult,No - missing arrival,Small vehicle,None,Yes,11190158,2,
Zach,OR,2017-2018,Cam4_sd4A_12072017_02162018_Deers,30,12/7/17 12:06,2/13/18 0:41,N,2/13/18 0:41,1620:34:17,,Deer,15,15,Cam4_1-5,102EK113,1,491,Golden Eagle,1/11/18,13:12:53,Cloudy,11,0,13:24:14,0:11:21,Adult,No - missing arrival,Unknown,2,Yes,633,1,Carcass moved by eagle about 2 meters further from road - carcass partially off camera
Zach,OR,2017-2018,Cam4_sd4A_12072017_02162018_Deers,30,12/7/17 12:06,2/13/18 0:41,N,2/13/18 0:41,1620:34:17,,Deer,Off camera,#VALUE!,Cam4_1-5,102EK113,2,644,Golden Eagle,1/11/18,13:24:20,Cloudy,13,0,13:24:20,0:00:00,Unknown,No - missing departure,Incomplete,None,No,644,0,Carcass fully off camera most likely dragged by eagle 1 
Zach,OR,2017-2018,Cam4_sd4A_12072017_02162018_Deers,30,12/7/17 12:06,2/13/18 0:41,N,2/13/18 0:41,1620:34:17,,Deer,17,17,Cam4_1-5,102EK113,3,648,Golden Eagle,1/11/18,13:24:28,Cloudy,13,0,13:26:11,0:01:43,Unknown,No - missing departure,Incomplete,None,Yes,674,1,Eagle 4 moved small portion of carcass back into frame
Zach,OR,2017-2018,Cam4_sd4A_12072017_02162018_Deers,30,12/7/17 12:06,2/13/18 0:41,N,2/13/18 0:41,1620:34:17,,Deer,Off camera,#VALUE!,Cam4_1-5,102EK113,4,686,Unknown,1/11/18,13:26:59,Cloudy,13,0,13:26:59,0:00:00,Unknown,No - missing departure,Incomplete,None,No,686,0,Small portion of Bird in frame not certain if eagle
Zach,OR,2017-2018,Cam4_sd4A_12072017_02162018_Deers,30,12/7/17 12:06,2/13/18 0:41,N,2/13/18 0:41,1620:34:17,,Deer,16,16,Cam4_1-5,102EK113,5,689,Golden Eagle,1/11/18,13:27:11,Cloudy,13,0,13:34:11,0:07:00,Adult,No - missing departure,Incomplete,None,No,835,1,Eagle 7 Moved Carcass back into frame
Zach,OR,2017-2018,Cam4_sd4A_12072017_02162018_Deers,30,12/7/17 12:06,2/13/18 0:41,N,2/13/18 0:41,1620:34:17,,Deer,16,16,Cam4_1-5,102EK113,6,837,Golden Eagle,1/11/18,13:35:33,Cloudy,15,0,13:36:18,0:00:45,Adult,No - missing departure,Incomplete,None,No,844,1,None
Zach,OR,2017-2018,Cam4_sd4A_12072017_02162018_Deers,30,12/7/17 12:06,2/13/18 0:41,N,2/13/18 0:41,1620:34:17,,Deer,15,15,Cam4_12-7,100EK113,7,793,Golden Eagle,1/1/15,14:30:29,Sunny,5,0,14:32:49,0:02:20,Adult,No - missing arrival,Small vehicle,None,Yes,842,2,date on camera may be incorrect
Zach,OR,2017-2018,Cam4_sd4A_12072017_02162018_Deers,30,12/7/17 12:06,2/13/18 0:41,N,2/13/18 0:41,1620:34:17,,Deer,15,15,Cam4_12-7,100EK113,8,857,Golden Eagle,1/1/15,14:42:54,Sunny,5,0,14:44:20,0:01:26,Adult,No - missing arrival,Unknown,None,No,880,2,date on camera may be incorrect
Zach,OR,2017-2018,Cam4_sd4A_12072017_02162018_Deers,30,12/7/17 12:06,2/13/18 0:41,N,2/13/18 0:41,1620:34:17,,Deer,15,15,Cam4_12-7,106EK113,9,26,Golden Eagle,1/4/15,11:34:53,Sunny,11,0,11:35:14,0:00:21,Unknown,Yes - captured arrival and departure,Semi,None,Yes,33,2,date on camera may be incorrect
Zach,OR,2017-2018,Cam4_sd4A_12072017_02162018_Deers,30,12/7/17 12:06,2/13/18 0:41,N,2/13/18 0:41,1620:34:17,,Deer,15,15,Cam4_12-7,111EK113,10,545,Golden Eagle,1/5/15,14:16:52,Sunny,7,0,14:19:08,0:02:16,Adult,No - missing arrival and departure,Incomplete,None,No,592,2,date on camera may be incorrect
Zach,OR,2017-2018,Cam4_sd4A_12072017_02162018_Deers,30,12/7/17 12:06,2/13/18 0:41,N,2/13/18 0:41,1620:34:17,,Deer,15,15,Cam4_12-7,112EK113,11,79,Golden Eagle,1/5/15,15:12:02,Sunny,5,0,15:27:21,0:15:19,Adult,Yes - captured arrival and departure,Unknown,None,Yes,316,2,date on camera may be incorrect
Zach,OR,2017-2018,Cam4_sd4A_12072017_02162018_Deers,30,12/7/17 12:06,2/13/18 0:41,N,2/13/18 0:41,1620:34:17,,Deer,15,15,Cam4_12-7,113EK113,12,406,Golden Eagle,1/6/15,13:33:56,Sunny,3,0,13:35:15,0:01:19,Not Adult,Yes - captured arrival and departure,Semi,None,Yes,425,2,date on camera may be incorrect
Zach,OR,2017-2018,Cam4_sd4A_12072017_02162018_Deers,30,12/7/17 12:06,2/13/18 0:41,N,2/13/18 0:41,1620:34:17,,Deer,15,15,Cam4_12-7,118EK113 - 119 EK113,13,"0905, 0001",Bald Eagle,1/8/15,9:51:54,Cloudy,3,1,9:59:30,0:07:36,Adult,Yes - captured arrival and departure,Other Animal,None,Yes,"0999, 0025",2,date on camera may be incorrect - Flush likely do to competing ravens
Cynthia,OR,2018-2019,Cam2R_sd30_121018_0208_19_pt217_deer,62,12/10/18 13:50,2/7/19 15:01,N,2/7/19 14:59,1417:09:11,,Deer,5,5,Dec10-Dec29,101RECNX,13,1450,Golden Eagle,12/11/18,9:47:53,Partly Cloudy,4,3,9:47:55,0:00:02,Not Adult,No - missing departure,Small vehicle,12,Yes,1452,2,
Cynthia,OR,2018-2019,Cam2R_sd30_121018_0208_19_pt217_deer,62,12/10/18 13:50,2/7/19 15:01,N,2/7/19 14:59,1417:09:11,,Deer,5,5,Dec10-Dec29,101RECNX,12,1378,Bald Eagle,12/11/18,9:43:14,Partly Cloudy,4,3,9:47:55,0:04:41,Not Adult,No - missing arrival,Interspecific eagle,13,Yes,1452,2,Golden eagle flushed Bald eagle toward road as cars approached.
Cynthia,OR,2018-2019,Cam2R_sd30_121018_0208_19_pt217_deer,62,12/10/18 13:50,2/7/19 15:01,N,2/7/19 14:59,1417:09:11,,Deer,5,5,Dec10-Dec29,101RECNX,21,1714,Golden Eagle,12/11/18,10:14:07,Cloudy,4,3,10:14:08,0:00:01,Unknown,Yes - captured arrival and departure,Unknown,20,No,1716,2,Eagle doesn't land but flies over carcass and eagle 20
Cynthia,OR,2018-2019,Cam2R_sd30_121018_0208_19_pt217_deer,62,12/10/18 13:50,2/7/19 15:01,N,2/7/19 14:59,1417:09:11,,Deer,5,5,Dec10-Dec29,101RECNX,20,1693,Golden Eagle,12/11/18,10:12:59,Cloudy,4,3,10:14:07,0:01:08,Not Adult,No - missing arrival,Intraspecific eagle,21,No,1714,2,
Cynthia,OR,2018-2019,Cam2R_sd30_121018_0208_19_pt217_deer,62,12/10/18 13:50,2/7/19 15:01,N,2/7/19 14:59,1417:09:11,,Deer,5,5,Dec10-Dec29,101RECNX,32,2527,Golden Eagle,12/11/18,11:52:11,Cloudy,5,3,11:52:11,0:00:00,Not Adult,No - missing arrival,Intraspecific eagle,31,No,2526,2,
Cynthia,OR,2018-2019,Cam2R_sd30_121018_0208_19_pt217_deer,62,12/10/18 13:50,2/7/19 15:01,N,2/7/19 14:59,1417:09:11,,Deer,5,5,Dec10-Dec29,101RECNX,31,2527,Golden Eagle,12/11/18,11:52:11,Cloudy,5,3,11:52:14,0:00:03,Not Adult,No - missing arrival,Unknown,32,No,2530,2,
Cynthia,OR,2018-2019,Cam2R_sd30_121018_0208_19_pt217_deer,62,12/10/18 13:50,2/7/19 15:01,N,2/7/19 14:59,1417:09:11,,Deer,5,5,Dec10-Dec29,101RECNX,35,2902,Golden Eagle,12/11/18,12:17:24,Cloudy,6,3,12:17:49,0:00:25,Not Adult,No - missing arrival,Unknown,34,No,2908,2,
Cynthia,OR,2018-2019,Cam2R_sd30_121018_0208_19_pt217_deer,62,12/10/18 13:50,2/7/19 15:01,N,2/7/19 14:59,1417:09:11,,Deer,5,5,Dec10-Dec29,101RECNX,34,2542,Golden Eagle,12/11/18,11:55:05,Cloudy,5,3,12:18:40,0:23:35,Not Adult,No - missing arrival,Semi,35,Yes,2917,2,
Cynthia,OR,2018-2019,Cam2R_sd30_121018_0208_19_pt217_deer,62,12/10/18 13:50,2/7/19 15:01,N,2/7/19 14:59,1417:09:11,,Deer,5,5,Dec10-Dec29,101RECNX,38,2971,Bald Eagle,12/11/18,12:22:47,Cloudy,6,3,12:23:44,0:00:57,Not Adult,No - missing departure,Small vehicle,37,Yes,2988,2,
Cynthia,OR,2018-2019,Cam2R_sd30_121018_0208_19_pt217_deer,62,12/10/18 13:50,2/7/19 15:01,N,2/7/19 14:59,1417:09:11,,Deer,5,5,Dec10-Dec29,101RECNX,37,2950,Bald Eagle,12/11/18,12:21:19,Cloudy,6,3,12:23:44,0:02:25,Not Adult,No - missing arrival and departure,Small vehicle,38,Yes,2988,2,
Cynthia,OR,2018-2019,Cam2R_sd30_121018_0208_19_pt217_deer,62,12/10/18 13:50,2/7/19 15:01,N,2/7/19 14:59,1417:09:11,,Deer,5,5,Dec10-Dec29,101RECNX,40,3004,Bald Eagle,12/11/18,12:25:02,Cloudy,6,3,12:25:04,0:00:02,Not Adult,No - missing arrival and departure,Unknown,39,No,3006,2,
Cynthia,OR,2018-2019,Cam2R_sd30_121018_0208_19_pt217_deer,62,12/10/18 13:50,2/7/19 15:01,N,2/7/19 14:59,1417:09:11,,Deer,5,5,Dec10-Dec29,101RECNX,41,3010,Golden Eagle,12/11/18,12:25:29,Cloudy,6,3,12:25:40,0:00:11,Not Adult,No - missing arrival and departure,Unknown,39,No,3015,2,
Cynthia,OR,2018-2019,Cam2R_sd30_121018_0208_19_pt217_deer,62,12/10/18 13:50,2/7/19 15:01,N,2/7/19 14:59,1417:09:11,,Deer,5,5,Dec10-Dec29,101RECNX,43,3040,Bald Eagle,12/11/18,12:28:11,Cloudy,6,3,12:28:13,0:00:02,Not Adult,No - missing arrival and departure,Unknown,42,No,3042,2,
Cynthia,OR,2018-2019,Cam2R_sd30_121018_0208_19_pt217_deer,62,12/10/18 13:50,2/7/19 15:01,N,2/7/19 14:59,1417:09:11,,Deer,5,5,Dec10-Dec29,101RECNX,42,3019,Bald Eagle,12/11/18,12:26:48,Cloudy,6,3,12:28:47,0:01:59,Not Adult,No - missing arrival,Semi,43,Yes,3043,2,
Cynthia,OR,2018-2019,Cam2R_sd30_121018_0208_19_pt217_deer,62,12/10/18 13:50,2/7/19 15:01,N,2/7/19 14:59,1417:09:11,,Deer,5,5,Dec10-Dec29,101RECNX,49,3276,Bald Eagle,12/11/18,13:02:15,Cloudy,5,3,13:02:15,0:00:00,Not Adult,No - missing arrival and departure,Unknown,48,No,3276,2,
Cynthia,OR,2018-2019,Cam2R_sd30_121018_0208_19_pt217_deer,62,12/10/18 13:50,2/7/19 15:01,N,2/7/19 14:59,1417:09:11,,Deer,5,5,Dec10-Dec29,101RECNX,48,3274,Bald Eagle,12/11/18,13:02:14,Cloudy,5,3,13:02:15,0:00:01,Not Adult,No - missing arrival and departure,Unknown,49,No,3276,2,
Cynthia,OR,2018-2019,Cam2R_sd30_121018_0208_19_pt217_deer,62,12/10/18 13:50,2/7/19 15:01,N,2/7/19 14:59,1417:09:11,,Deer,5,5,Dec10-Dec29,101RECNX,64,3719,Bald Eagle,12/11/18,13:42:50,Cloudy,6,3,13:43:12,0:00:22,Not Adult,No - missing arrival,Small vehicle,63,Yes,3730,2,
Cynthia,OR,2018-2019,Cam2R_sd30_121018_0208_19_pt217_deer,62,12/10/18 13:50,2/7/19 15:01,N,2/7/19 14:59,1417:09:11,,Deer,5,5,Dec10-Dec29,101RECNX,63,3706,Bald Eagle,12/11/18,13:41:40,Cloudy,6,3,13:43:12,0:01:32,Not Adult,No - missing arrival and departure,Small vehicle,64,Yes,3730,2,
Cynthia,OR,2018-2019,Cam2R_sd30_121018_0208_19_pt217_deer,62,12/10/18 13:50,2/7/19 15:01,N,2/7/19 14:59,1417:09:11,,Deer,5,5,Dec10-Dec29,101RECNX,70,3930,Bald Eagle,12/11/18,13:58:50,Cloudy,7,3,13:59:06,0:00:16,Not Adult,Yes - captured arrival and departure,Small vehicle,69,Yes,3940,2,
Cynthia,OR,2018-2019,Cam2R_sd30_121018_0208_19_pt217_deer,62,12/10/18 13:50,2/7/19 15:01,N,2/7/19 14:59,1417:09:11,,Deer,5,5,Dec10-Dec29,101RECNX,69,3838,Bald Eagle,12/11/18,13:56:27,Cloudy,7,3,13:58:39,0:02:12,Not Adult,No - missing departure,Intraspecific eagle,70,No,3930,2,
Cynthia,OR,2018-2019,Cam2R_sd30_121018_0208_19_pt217_deer,62,12/10/18 13:50,2/7/19 15:01,N,2/7/19 14:59,1417:09:11,,Deer,5,5,Dec10-Dec29,101RECNX,95,5026,Golden Eagle,12/11/18,15:00:36,Cloudy,7,3,15:11:51,0:11:15,Not Adult,No - missing arrival,Unknown,94,Yes,5240,2,
Cynthia,OR,2018-2019,Cam2R_sd30_121018_0208_19_pt217_deer,62,12/10/18 13:50,2/7/19 15:01,N,2/7/19 14:59,1417:09:11,,Deer,5,5,Dec10-Dec29,101RECNX,94,5023,Bald Eagle,12/11/18,15:00:28,Cloudy,7,3,15:00:44,0:00:16,Not Adult,No - missing departure,Interspecific eagle,95,No,5031,2,
Cynthia,OR,2018-2019,Cam2R_sd30_121018_0208_19_pt217_deer,62,12/10/18 13:50,2/7/19 15:01,N,2/7/19 14:59,1417:09:11,,Deer,5,5,Dec10-Dec29,101RECNX,128,8119,Bald Eagle,12/12/18,11:25:06,Partly Cloudy,12,3,11:25:19,0:00:13,Adult,No - missing departure,Unknown,127,No,8127,2,
Cynthia,OR,2018-2019,Cam2R_sd30_121018_0208_19_pt217_deer,62,12/10/18 13:50,2/7/19 15:01,N,2/7/19 14:59,1417:09:11,,Deer,5,5,Dec10-Dec29,101RECNX,127,8089,Bald Eagle,12/12/18,11:24:01,Partly Cloudy,12,3,11:24:19,0:00:18,Not Adult,No - missing arrival,Intraspecific eagle,128,No,8127,2,
Cynthia,OR,2018-2019,Cam2R_sd30_121018_0208_19_pt217_deer,62,12/10/18 13:50,2/7/19 15:01,N,2/7/19 14:59,1417:09:11,,Deer,5,5,Dec10-Dec29,101RECNX,143,8785,Bald Eagle,12/12/18,12:19:20,Sunny,8,3,12:19:26,0:00:06,Adult,No - missing arrival and departure,Unknown,142,No,8790,2,
Cynthia,OR,2018-2019,Cam2R_sd30_121018_0208_19_pt217_deer,62,12/10/18 13:50,2/7/19 15:01,N,2/7/19 14:59,1417:09:11,,Deer,5,5,Dec10-Dec29,101RECNX,142,8782,Bald Eagle,12/12/18,12:19:14,Sunny,8,3,12:19:21,0:00:07,Not Adult,No - missing arrival and departure,Intraspecific eagle,143,No,8786,2,
Cynthia,OR,2018-2019,Cam2R_sd30_121018_0208_19_pt217_deer,62,12/10/18 13:50,2/7/19 15:01,N,2/7/19 14:59,1417:09:11,,Deer,5,5,Dec10-Dec29,101RECNX,146,9191,Bald Eagle,12/12/18,12:34:44,Sunny,8,3,12:34:44,0:00:00,Adult,Yes - captured arrival and departure,Intraspecific eagle,145,No,9191,2,
Cynthia,OR,2018-2019,Cam2R_sd30_121018_0208_19_pt217_deer,62,12/10/18 13:50,2/7/19 15:01,N,2/7/19 14:59,1417:09:11,,Deer,5,5,Dec10-Dec29,101RECNX,145,9150,Bald Eagle,12/12/18,12:33:29,Sunny,8,3,12:34:44,0:01:15,Not Adult,Yes - captured arrival and departure,Intraspecific eagle,146,No,9191,2,
Cynthia,OR,2018-2019,Cam2R_sd30_121018_0208_19_pt217_deer,62,12/10/18 13:50,2/7/19 15:01,N,2/7/19 14:59,1417:09:11,,Deer,5,5,Dec10-Dec29,102RECNX,183,1385,Golden Eagle,12/12/18,13:38:10,Sunny,27,3,13:38:45,0:00:35,Not Adult,No - missing arrival,Small vehicle,182,Yes,1393,2,
Cynthia,OR,2018-2019,Cam2R_sd30_121018_0208_19_pt217_deer,62,12/10/18 13:50,2/7/19 15:01,N,2/7/19 14:59,1417:09:11,,Deer,5,5,Dec10-Dec29,102RECNX,182,1166,Bald Eagle,12/12/18,13:32:28,Sunny,27,3,13:38:51,0:06:23,Not Adult,No - missing departure,Small vehicle,183,Yes,1396,2,
Cynthia,OR,2018-2019,Cam2R_sd30_121018_0208_19_pt217_deer,62,12/10/18 13:50,2/7/19 15:01,N,2/7/19 14:59,1417:09:11,,Deer,5,5,Dec10-Dec29,102RECNX,187,1529,Bald Eagle,12/12/18,13:43:50,Sunny,27,3,13:43:50,0:00:00,Unknown,Yes - captured arrival and departure,Interspecific eagle,186,No,1529,2,
Cynthia,OR,2018-2019,Cam2R_sd30_121018_0208_19_pt217_deer,62,12/10/18 13:50,2/7/19 15:01,N,2/7/19 14:59,1417:09:11,,Deer,5,5,Dec10-Dec29,102RECNX,186,1468,Bald Eagle,12/12/18,13:41:56,Sunny,27,3,13:43:52,0:01:56,Not Adult,Yes - captured arrival and departure,Interspecific eagle,187,No,1531,2,
Cynthia,OR,2018-2019,Cam2R_sd30_121018_0208_19_pt217_deer,62,12/10/18 13:50,2/7/19 15:01,N,2/7/19 14:59,1417:09:11,,Deer,5,5,Dec10-Dec29,102RECNX,200,2063,Bald Eagle,12/12/18,14:17:28,Partly Cloudy,16,3,14:18:47,0:01:19,Not Adult,Yes - captured arrival and departure,Small vehicle,199,Yes,2097,2,
Cynthia,OR,2018-2019,Cam2R_sd30_121018_0208_19_pt217_deer,62,12/10/18 13:50,2/7/19 15:01,N,2/7/19 14:59,1417:09:11,,Deer,5,5,Dec10-Dec29,102RECNX,199,2053,Bald Eagle,12/12/18,14:16:54,Partly Cloudy,16,3,14:18:46,0:01:52,Not Adult,No - missing arrival,Small vehicle,200,Yes,2096,2,
Cynthia,OR,2018-2019,Cam2R_sd30_121018_0208_19_pt217_deer,62,12/10/18 13:50,2/7/19 15:01,N,2/7/19 14:59,1417:09:11,,Deer,5,5,Dec10-Dec29,102RECNX,202,2104,Bald Eagle,12/12/18,14:19:24,Cloudy,16,3,14:31:21,0:11:57,Not Adult,Yes - captured arrival and departure,Large vehicle,201,Yes,2329,2,
Cynthia,OR,2018-2019,Cam2R_sd30_121018_0208_19_pt217_deer,62,12/10/18 13:50,2/7/19 15:01,N,2/7/19 14:59,1417:09:11,,Deer,5,5,Dec10-Dec29,102RECNX,201,2101,Bald Eagle,12/12/18,14:19:12,Cloudy,16,3,14:21:31,0:02:19,Not Adult,No - missing arrival,Small vehicle,202,Yes,2170,2,
Cynthia,OR,2018-2019,Cam2R_sd30_121018_0208_19_pt217_deer,62,12/10/18 13:50,2/7/19 15:01,N,2/7/19 14:59,1417:09:11,,Deer,5,5,Dec10-Dec29,102RECNX,204,2375,Golden Eagle,12/12/18,14:36:15,Cloudy,13,3,14:36:16,0:00:01,Not Adult,Yes - captured arrival and departure,Semi,203,Yes,2376,2,
Cynthia,OR,2018-2019,Cam2R_sd30_121018_0208_19_pt217_deer,62,12/10/18 13:50,2/7/19 15:01,N,2/7/19 14:59,1417:09:11,,Deer,5,5,Dec10-Dec29,102RECNX,203,2347,Golden Eagle,12/12/18,14:34:48,Cloudy,13,3,14:53:35,0:18:47,Not Adult,Yes - captured arrival and departure,Unknown,204,Yes,2663,2,
Cynthia,OR,2018-2019,Cam2R_sd30_121018_0208_19_pt217_deer,62,12/10/18 13:50,2/7/19 15:01,N,2/7/19 14:59,1417:09:11,,Deer,5,5,Dec10-Dec29,102RECNX,208,2762,Golden Eagle,12/12/18,14:59:38,Cloudy,10,3,15:01:54,0:02:16,Adult,No - missing departure,Large vehicle,207,Yes,2796,2,
Cynthia,OR,2018-2019,Cam2R_sd30_121018_0208_19_pt217_deer,62,12/10/18 13:50,2/7/19 15:01,N,2/7/19 14:59,1417:09:11,,Deer,5,5,Dec10-Dec29,102RECNX,207,2695,Bald Eagle,12/12/18,14:56:55,Cloudy,10,3,14:59:38,0:02:43,Not Adult,No - missing arrival,Interspecific eagle,208,Yes,2762,2,
Cynthia,OR,2018-2019,Cam2R_sd30_121018_0208_19_pt217_deer,62,12/10/18 13:50,2/7/19 15:01,N,2/7/19 14:59,1417:09:11,,Deer,5,5,Dec10-Dec29,102RECNX,210,2845,Bald Eagle,12/12/18,15:06:23,Cloudy,9,3,15:07:54,0:01:31,Not Adult,No - missing arrival,Interspecific eagle,211,No,2864,2,
Cynthia,OR,2018-2019,Cam2R_sd30_121018_0208_19_pt217_deer,62,12/10/18 13:50,2/7/19 15:01,N,2/7/19 14:59,1417:09:11,,Deer,5,5,Dec10-Dec29,102RECNX,212,2875,Bald Eagle,12/12/18,15:08:18,Sunny,9,3,15:08:19,0:00:01,Not Adult,No - missing arrival,Unknown,211,No,2876,2,
Cynthia,OR,2018-2019,Cam2R_sd30_121018_0208_19_pt217_deer,62,12/10/18 13:50,2/7/19 15:01,N,2/7/19 14:59,1417:09:11,,Deer,5,5,Dec10-Dec29,102RECNX,214,2911,Golden Eagle,12/12/18,15:13:38,Sunny,8,3,15:16:11,0:02:33,Adult,Yes - captured arrival and departure,Unknown,213,Yes,2928,2,
Cynthia,OR,2018-2019,Cam2R_sd30_121018_0208_19_pt217_deer,62,12/10/18 13:50,2/7/19 15:01,N,2/7/19 14:59,1417:09:11,,Deer,5,5,Dec10-Dec29,102RECNX,213,2899,Bald Eagle,12/12/18,15:13:05,Sunny,9,3,15:13:38,0:00:33,Not Adult,No - missing arrival,Interspecific eagle,214,No,2911,2,
Cynthia,OR,2018-2019,Cam2R_sd30_121018_0208_19_pt217_deer,62,12/10/18 13:50,2/7/19 15:01,N,2/7/19 14:59,1417:09:11,,Deer,5,5,Dec10-Dec29,102RECNX,217,2965,Golden Eagle,12/12/18,15:25:05,Sunny,7,3,15:27:54,0:02:49,Adult,No - missing departure,Small vehicle,216,Yes,2991,2,
Cynthia,OR,2018-2019,Cam2R_sd30_121018_0208_19_pt217_deer,62,12/10/18 13:50,2/7/19 15:01,N,2/7/19 14:59,1417:09:11,,Deer,5,5,Dec10-Dec29,102RECNX,216,2953,Golden Eagle,12/12/18,15:24:08,Sunny,7,3,15:25:06,0:00:58,Adult,No - missing arrival and departure,Intraspecific eagle,217,No,2966,2,
Cynthia,OR,2018-2019,Cam2R_sd30_121018_0208_19_pt217_deer,62,12/10/18 13:50,2/7/19 15:01,N,2/7/19 14:59,1417:09:11,,Deer,5,5,Dec10-Dec29,102RECNX,220,3073,Golden Eagle,12/12/18,15:35:48,Partly Cloudy,7,3,15:35:49,0:00:01,Adult,Yes - captured arrival and departure,Intraspecific eagle,219,No,3074,2,
Cynthia,OR,2018-2019,Cam2R_sd30_121018_0208_19_pt217_deer,62,12/10/18 13:50,2/7/19 15:01,N,2/7/19 14:59,1417:09:11,,Deer,5,5,Dec10-Dec29,102RECNX,219,3016,Golden Eagle,12/12/18,15:31:41,Partly Cloudy,7,3,15:35:49,0:04:08,Adult,Yes - captured arrival and departure,Intraspecific eagle,220,Yes,3074,2,
Cynthia,OR,2018-2019,Cam2R_sd30_121018_0208_19_pt217_deer,62,12/10/18 13:50,2/7/19 15:01,N,2/7/19 14:59,1417:09:11,,Deer,5,5,Dec10-Dec29,102RECNX,222,3082,Golden Eagle,12/12/18,15:36:02,Partly Cloudy,7,3,15:37:34,0:01:32,Adult,No - missing departure,Intraspecific eagle,221,No,3133,2,
Cynthia,OR,2018-2019,Cam2R_sd30_121018_0208_19_pt217_deer,62,12/10/18 13:50,2/7/19 15:01,N,2/7/19 14:59,1417:09:11,,Deer,5,5,Dec10-Dec29,102RECNX,221,3076,Golden Eagle,12/12/18,15:35:54,Partly Cloudy,7,3,15:39:05,0:03:11,Adult,No - missing arrival,Unknown,222,No,3149,2,
Cynthia,OR,2018-2019,Cam2R_sd30_121018_0208_19_pt217_deer,62,12/10/18 13:50,2/7/19 15:01,N,2/7/19 14:59,1417:09:11,,Deer,5,5,Dec10-Dec29,102RECNX,230,3340,Golden Eagle,12/12/18,16:00:30,Cloudy,5,3,16:01:00,0:00:30,Adult,No - missing arrival and departure,Small vehicle,229,Yes,3354,2,
Cynthia,OR,2018-2019,Cam2R_sd30_121018_0208_19_pt217_deer,62,12/10/18 13:50,2/7/19 15:01,N,2/7/19 14:59,1417:09:11,,Deer,5,5,Dec10-Dec29,102RECNX,229,3298,Bald Eagle,12/12/18,15:58:30,Cloudy,5,3,16:00:23,0:01:53,Not Adult,Yes - captured arrival and departure,Interspecific eagle,230,No,3338,2,
Cynthia,OR,2018-2019,Cam2R_sd30_121018_0208_19_pt217_deer,62,12/10/18 13:50,2/7/19 15:01,N,2/7/19 14:59,1417:09:11,,Deer,5,5,Jan26-Feb8,102RECNX,267,3082,Bald Eagle,2/7/19,14:59:54,Cloudy,7,3,15:01:00,0:01:06,Not Adult,No - missing arrival and departure,Incomplete,266,No,3087,2,
Cynthia,OR,2018-2019,Cam2R_sd30_121018_0208_19_pt217_deer,62,12/10/18 13:50,2/7/19 15:01,N,2/7/19 14:59,1417:09:11,,Deer,5,5,Jan26-Feb8,102RECNX,266,3079,Bald Eagle,2/7/19,14:59:41,Cloudy,7,3,15:01:00,0:01:19,Not Adult,No - missing arrival and departure,Incomplete,267,No,3087,2,"For both eagle 266 and 267 the camera gets knocked over in the middle of their sequence so I""m not sure when they left and why."
Cynthia,OR,2018-2019,Cam2R_sd30_121018_0208_19_pt217_deer,62,12/10/18 13:50,2/7/19 15:01,N,2/7/19 14:59,1417:09:11,,Deer,5,5,Dec10-Dec29,102RECNX,211,2863,Golden Eagle,12/12/18,15:07:53,Sunny,9,3,15:10:15,0:02:22,Adult,No - missing arrival,Unknown,210212,Yes,2886,2,
Cynthia,OR,2018-2019,Cam2R_sd30_121018_0208_19_pt217_deer,62,12/10/18 13:50,2/7/19 15:01,N,2/7/19 14:59,1417:09:11,,Deer,5,5,Dec10-Dec29,101RECNX,39,2992,Bald Eagle,12/11/18,12:25:03,Cloudy,6,3,12:25:40,0:00:37,Not Adult,No - missing arrival and departure,Unknown,"40, 41",No,3015,2,
Cynthia,OR,2018-2019,Cam2R_sd30_121018_0208_19_pt217_deer,62,12/10/18 13:50,2/7/19 15:01,N,2/7/19 14:59,1417:09:11,,Deer,5,5,Dec10-Dec29,101RECNX,1,76,Bald Eagle,12/10/18,15:00:15,Partly Cloudy,5,3,15:06:08,0:05:53,Adult,No - missing arrival,Small vehicle,None,Yes,100,2,
Cynthia,OR,2018-2019,Cam2R_sd30_121018_0208_19_pt217_deer,62,12/10/18 13:50,2/7/19 15:01,N,2/7/19 14:59,1417:09:11,,Deer,5,5,Dec10-Dec29,101RECNX,2,103,Bald Eagle,12/10/18,15:07:13,Partly Cloudy,5,3,15:21:21,0:14:08,Not Adult,No - missing arrival and departure,Incomplete,None,No,192,2,
Cynthia,OR,2018-2019,Cam2R_sd30_121018_0208_19_pt217_deer,62,12/10/18 13:50,2/7/19 15:01,N,2/7/19 14:59,1417:09:11,,Deer,5,5,Dec10-Dec29,101RECNX,3,508,Bald Eagle,12/11/18,8:57:01,Partly Cloudy,1,3,8:57:03,0:00:02,Unknown,No - missing arrival and departure,Incomplete,None,No,510,2,Landed next to the road and did not approach carcass.
Cynthia,OR,2018-2019,Cam2R_sd30_121018_0208_19_pt217_deer,62,12/10/18 13:50,2/7/19 15:01,N,2/7/19 14:59,1417:09:11,,Deer,5,5,Dec10-Dec29,101RECNX,4,550,Bald Eagle,12/11/18,9:03:26,Partly Cloudy,1,3,9:04:12,0:00:46,Not Adult,No - missing arrival,Unknown,None,No,561,2,Landed next to road and walked to carcass.
Cynthia,OR,2018-2019,Cam2R_sd30_121018_0208_19_pt217_deer,62,12/10/18 13:50,2/7/19 15:01,N,2/7/19 14:59,1417:09:11,,Deer,5,5,Dec10-Dec29,101RECNX,5,588,Bald Eagle,12/11/18,9:07:08,Partly Cloudy,1,3,9:10:00,0:02:52,Not Adult,Yes - captured arrival and departure,Unknown,None,No,653,2,
Cynthia,OR,2018-2019,Cam2R_sd30_121018_0208_19_pt217_deer,62,12/10/18 13:50,2/7/19 15:01,N,2/7/19 14:59,1417:09:11,,Deer,5,5,Dec10-Dec29,101RECNX,6,703,Bald Eagle,12/11/18,9:13:05,Partly Cloudy,2,3,9:16:32,0:03:27,Adult,No - missing arrival,Semi,None,Yes,744,2,
Cynthia,OR,2018-2019,Cam2R_sd30_121018_0208_19_pt217_deer,62,12/10/18 13:50,2/7/19 15:01,N,2/7/19 14:59,1417:09:11,,Deer,5,5,Dec10-Dec29,101RECNX,7,763,Bald Eagle,12/11/18,9:18:50,Partly Cloudy,2,3,9:18:52,0:00:02,Not Adult,No - missing departure,Incomplete,None,No,765,2,
Cynthia,OR,2018-2019,Cam2R_sd30_121018_0208_19_pt217_deer,62,12/10/18 13:50,2/7/19 15:01,N,2/7/19 14:59,1417:09:11,,Deer,5,5,Dec10-Dec29,101RECNX,8,802,Bald Eagle,12/11/18,9:21:29,Partly Cloudy,2,3,9:21:31,0:00:02,Unknown,No - missing arrival,Unknown,None,No,804,2,
Cynthia,OR,2018-2019,Cam2R_sd30_121018_0208_19_pt217_deer,62,12/10/18 13:50,2/7/19 15:01,N,2/7/19 14:59,1417:09:11,,Deer,5,5,Dec10-Dec29,101RECNX,9,847,Bald Eagle,12/11/18,9:22:36,Partly Cloudy,2,3,9:25:02,0:02:26,Not Adult,Yes - captured arrival and departure,Small vehicle,None,Yes,928,2,
Cynthia,OR,2018-2019,Cam2R_sd30_121018_0208_19_pt217_deer,62,12/10/18 13:50,2/7/19 15:01,N,2/7/19 14:59,1417:09:11,,Deer,5,5,Dec10-Dec29,101RECNX,10,1138,Bald Eagle,12/11/18,9:33:38,Partly Cloudy,3,3,9:33:53,0:00:15,Not Adult,No - missing departure,Incomplete,None,No,1149,2,
Cynthia,OR,2018-2019,Cam2R_sd30_121018_0208_19_pt217_deer,62,12/10/18 13:50,2/7/19 15:01,N,2/7/19 14:59,1417:09:11,,Deer,5,5,Dec10-Dec29,101RECNX,11,1288,Bald Eagle,12/11/18,9:40:36,Partly Cloudy,4,3,9:41:57,0:01:21,Not Adult,Yes - captured arrival and departure,Small vehicle,None,Yes,1328,2,
Cynthia,OR,2018-2019,Cam2R_sd30_121018_0208_19_pt217_deer,62,12/10/18 13:50,2/7/19 15:01,N,2/7/19 14:59,1417:09:11,,Deer,5,5,Dec10-Dec29,101RECNX,14,1459,Golden Eagle,12/11/18,9:51:57,Partly Cloudy,4,3,9:57:00,0:05:03,Not Adult,No - missing departure,Small vehicle,None,Yes,1542,2,
Cynthia,OR,2018-2019,Cam2R_sd30_121018_0208_19_pt217_deer,62,12/10/18 13:50,2/7/19 15:01,N,2/7/19 14:59,1417:09:11,,Deer,5,5,Dec10-Dec29,101RECNX,15,1559,Golden Eagle,12/11/18,9:59:04,Partly Cloudy,4,3,10:00:21,0:01:17,Not Adult,No - missing arrival,Unknown,None,Yes,1581,2,
Cynthia,OR,2018-2019,Cam2R_sd30_121018_0208_19_pt217_deer,62,12/10/18 13:50,2/7/19 15:01,N,2/7/19 14:59,1417:09:11,,Deer,5,5,Dec10-Dec29,101RECNX,16,1585,Golden Eagle,12/11/18,10:01:49,Snow,4,3,10:03:15,0:01:26,Not Adult,No - missing departure,Small vehicle,None,Yes,1614,2,
Cynthia,OR,2018-2019,Cam2R_sd30_121018_0208_19_pt217_deer,62,12/10/18 13:50,2/7/19 15:01,N,2/7/19 14:59,1417:09:11,,Deer,5,5,Dec10-Dec29,101RECNX,17,1621,Golden Eagle,12/11/18,10:05:35,Partly Cloudy,4,3,10:07:20,0:01:45,Not Adult,No - missing arrival,Small vehicle,None,Yes,1648,2,
Cynthia,OR,2018-2019,Cam2R_sd30_121018_0208_19_pt217_deer,62,12/10/18 13:50,2/7/19 15:01,N,2/7/19 14:59,1417:09:11,,Deer,5,5,Dec10-Dec29,101RECNX,18,1651,Golden Eagle,12/11/18,10:07:47,Snow,4,3,10:09:39,0:01:52,Not Adult,No - missing arrival,Small vehicle,None,Yes,1657,2,
Cynthia,OR,2018-2019,Cam2R_sd30_121018_0208_19_pt217_deer,62,12/10/18 13:50,2/7/19 15:01,N,2/7/19 14:59,1417:09:11,,Deer,5,5,Dec10-Dec29,101RECNX,19,1660,Golden Eagle,12/11/18,10:10:25,Cloudy,4,3,10:12:17,0:01:52,Not Adult,No - missing arrival,Unknown,None,No,1690,2,
Cynthia,OR,2018-2019,Cam2R_sd30_121018_0208_19_pt217_deer,62,12/10/18 13:50,2/7/19 15:01,N,2/7/19 14:59,1417:09:11,,Deer,5,5,Dec10-Dec29,101RECNX,22,1717,Golden Eagle,12/11/18,10:14:35,Cloudy,4,3,10:19:58,0:05:23,Not Adult,Yes - captured arrival and departure,Semi,None,Yes,1765,2,
Cynthia,OR,2018-2019,Cam2R_sd30_121018_0208_19_pt217_deer,62,12/10/18 13:50,2/7/19 15:01,N,2/7/19 14:59,1417:09:11,,Deer,5,5,Dec10-Dec29,101RECNX,23,1771,Golden Eagle,12/11/18,10:26:20,Cloudy,4,3,10:32:36,0:06:16,Not Adult,No - missing arrival,Unknown,None,No,1845,2,Another Eagle appears to be on a tree on the other side of the road but doesn't interact
Cynthia,OR,2018-2019,Cam2R_sd30_121018_0208_19_pt217_deer,62,12/10/18 13:50,2/7/19 15:01,N,2/7/19 14:59,1417:09:11,,Deer,5,5,Dec10-Dec29,101RECNX,24,1846,Golden Eagle,12/11/18,10:36:49,Cloudy,3,3,10:36:51,0:00:02,Unknown,No - missing arrival and departure,Unknown,None,No,1848,2,
Cynthia,OR,2018-2019,Cam2R_sd30_121018_0208_19_pt217_deer,62,12/10/18 13:50,2/7/19 15:01,N,2/7/19 14:59,1417:09:11,,Deer,5,5,Dec10-Dec29,101RECNX,25,1861,Golden Eagle,12/11/18,10:39:55,Cloudy,3,3,10:40:53,0:00:58,Not Adult,No - missing arrival,Unknown,None,No,1867,2,Tail feathers of another golden eagle appear to be in the top left corner of the camera when the main eagle shows up.
Cynthia,OR,2018-2019,Cam2R_sd30_121018_0208_19_pt217_deer,62,12/10/18 13:50,2/7/19 15:01,N,2/7/19 14:59,1417:09:11,,Deer,5,5,Dec10-Dec29,101RECNX,26,1873,Golden Eagle,12/11/18,10:50:32,Cloudy,3,3,10:53:27,0:02:55,Not Adult,No - missing arrival and departure,Unknown,None,No,1941,2,
Cynthia,OR,2018-2019,Cam2R_sd30_121018_0208_19_pt217_deer,62,12/10/18 13:50,2/7/19 15:01,N,2/7/19 14:59,1417:09:11,,Deer,5,5,Dec10-Dec29,101RECNX,27,1951,Golden Eagle,12/11/18,10:55:15,Cloudy,3,3,11:11:51,0:16:36,Not Adult,No - missing arrival,Large vehicle,None,Yes,2146,2,
Cynthia,OR,2018-2019,Cam2R_sd30_121018_0208_19_pt217_deer,62,12/10/18 13:50,2/7/19 15:01,N,2/7/19 14:59,1417:09:11,,Deer,5,5,Dec10-Dec29,101RECNX,28,2149,Golden Eagle,12/11/18,11:12:23,Cloudy,4,3,11:25:39,0:13:16,Not Adult,Yes - captured arrival and departure,Unknown,None,Yes,2341,2,
Cynthia,OR,2018-2019,Cam2R_sd30_121018_0208_19_pt217_deer,62,12/10/18 13:50,2/7/19 15:01,N,2/7/19 14:59,1417:09:11,,Deer,5,5,Dec10-Dec29,101RECNX,29,2365,Golden Eagle,12/11/18,11:41:10,Cloudy,4,3,11:44:43,0:03:33,Not Adult,No - missing arrival,Unknown,None,No,2420,2,
Cynthia,OR,2018-2019,Cam2R_sd30_121018_0208_19_pt217_deer,62,12/10/18 13:50,2/7/19 15:01,N,2/7/19 14:59,1417:09:11,,Deer,5,5,Dec10-Dec29,101RECNX,30,2422,Golden Eagle,12/11/18,11:45:14,Cloudy,4,3,11:48:42,0:03:28,Not Adult,No - missing arrival,Small vehicle,None,Yes,2518,2,
Cynthia,OR,2018-2019,Cam2R_sd30_121018_0208_19_pt217_deer,62,12/10/18 13:50,2/7/19 15:01,N,2/7/19 14:59,1417:09:11,,Deer,5,5,Dec10-Dec29,101RECNX,33,2536,Golden Eagle,12/11/18,11:54:38,Cloudy,5,3,11:54:47,0:00:09,Not Adult,No - missing arrival,Semi,None,Yes,2540,2,
Cynthia,OR,2018-2019,Cam2R_sd30_121018_0208_19_pt217_deer,62,12/10/18 13:50,2/7/19 15:01,N,2/7/19 14:59,1417:09:11,,Deer,5,5,Dec10-Dec29,101RECNX,36,2920,Golden Eagle,12/11/18,12:18:58,Cloudy,6,3,12:19:49,0:00:51,Not Adult,No - missing arrival,Unknown,None,Yes,2938,2,
Cynthia,OR,2018-2019,Cam2R_sd30_121018_0208_19_pt217_deer,62,12/10/18 13:50,2/7/19 15:01,N,2/7/19 14:59,1417:09:11,,Deer,5,5,Dec10-Dec29,101RECNX,44,3046,Bald Eagle,12/11/18,12:34:30,Cloudy,6,3,12:34:40,0:00:10,Not Adult,No - missing arrival and departure,Small vehicle,None,Yes,3049,2,
Cynthia,OR,2018-2019,Cam2R_sd30_121018_0208_19_pt217_deer,62,12/10/18 13:50,2/7/19 15:01,N,2/7/19 14:59,1417:09:11,,Deer,5,5,Dec10-Dec29,101RECNX,45,3052,Bald Eagle,12/11/18,12:35:22,Cloudy,6,3,12:36:29,0:01:07,Not Adult,Yes - captured arrival and departure,Small vehicle,None,Yes,3067,2,
Cynthia,OR,2018-2019,Cam2R_sd30_121018_0208_19_pt217_deer,62,12/10/18 13:50,2/7/19 15:01,N,2/7/19 14:59,1417:09:11,,Deer,5,5,Dec10-Dec29,101RECNX,46,3082,Golden Eagle,12/11/18,12:46:44,Cloudy,5,3,12:48:22,0:01:38,Not Adult,No - missing arrival and departure,Unknown,None,No,3132,2,
Cynthia,OR,2018-2019,Cam2R_sd30_121018_0208_19_pt217_deer,62,12/10/18 13:50,2/7/19 15:01,N,2/7/19 14:59,1417:09:11,,Deer,5,5,Dec10-Dec29,101RECNX,47,3185,Bald Eagle,12/11/18,12:56:51,Cloudy,5,3,13:00:40,0:03:49,Not Adult,Yes - captured arrival and departure,Small vehicle,None,Yes,3241,2,
Cynthia,OR,2018-2019,Cam2R_sd30_121018_0208_19_pt217_deer,62,12/10/18 13:50,2/7/19 15:01,N,2/7/19 14:59,1417:09:11,,Deer,5,5,Dec10-Dec29,101RECNX,50,3361,Bald Eagle,12/11/18,13:06:33,Cloudy,6,3,13:06:56,0:00:23,Not Adult,No - missing arrival,Small vehicle,None,Yes,3364,2,
Cynthia,OR,2018-2019,Cam2R_sd30_121018_0208_19_pt217_deer,62,12/10/18 13:50,2/7/19 15:01,N,2/7/19 14:59,1417:09:11,,Deer,5,5,Dec10-Dec29,101RECNX,51,3412,Golden Eagle,12/11/18,13:08:41,Cloudy,6,3,13:09:03,0:00:22,Not Adult,Yes - captured arrival and departure,Unknown,None,No,3418,2,
Cynthia,OR,2018-2019,Cam2R_sd30_121018_0208_19_pt217_deer,62,12/10/18 13:50,2/7/19 15:01,N,2/7/19 14:59,1417:09:11,,Deer,5,5,Dec10-Dec29,101RECNX,52,3451,Golden Eagle,12/11/18,13:12:35,Cloudy,6,3,13:16:22,0:03:47,Not Adult,No - missing arrival,Unknown,None,No,3559,2,
Cynthia,OR,2018-2019,Cam2R_sd30_121018_0208_19_pt217_deer,62,12/10/18 13:50,2/7/19 15:01,N,2/7/19 14:59,1417:09:11,,Deer,5,5,Dec10-Dec29,101RECNX,53,3574,Bald Eagle,12/11/18,13:32:24,Cloudy,6,3,13:32:26,0:00:02,Not Adult,No - missing arrival and departure,Unknown,None,No,3576,2,
Cynthia,OR,2018-2019,Cam2R_sd30_121018_0208_19_pt217_deer,62,12/10/18 13:50,2/7/19 15:01,N,2/7/19 14:59,1417:09:11,,Deer,5,5,Dec10-Dec29,101RECNX,54,3577,Bald Eagle,12/11/18,13:32:30,Cloudy,6,3,13:33:09,0:00:39,Not Adult,No - missing arrival,Small vehicle,None,Yes,3592,2,Another eagle can be seen flying overhead.
Cynthia,OR,2018-2019,Cam2R_sd30_121018_0208_19_pt217_deer,62,12/10/18 13:50,2/7/19 15:01,N,2/7/19 14:59,1417:09:11,,Deer,5,5,Dec10-Dec29,101RECNX,55,3595,Bald Eagle,12/11/18,13:33:27,Cloudy,6,3,13:33:27,0:00:00,Not Adult,No - missing arrival and departure,Unknown,None,No,3595,2,Just tail feathers on one side of the camera.
Cynthia,OR,2018-2019,Cam2R_sd30_121018_0208_19_pt217_deer,62,12/10/18 13:50,2/7/19 15:01,N,2/7/19 14:59,1417:09:11,,Deer,5,5,Dec10-Dec29,101RECNX,56,3598,Bald Eagle,12/11/18,13:33:40,Cloudy,6,3,13:33:42,0:00:02,Not Adult,No - missing arrival and departure,Small vehicle,None,Yes,3600,2,
Cynthia,OR,2018-2019,Cam2R_sd30_121018_0208_19_pt217_deer,62,12/10/18 13:50,2/7/19 15:01,N,2/7/19 14:59,1417:09:11,,Deer,5,5,Dec10-Dec29,101RECNX,57,3604,Bald Eagle,12/11/18,13:34:20,Cloudy,6,3,13:34:35,0:00:15,Not Adult,No - missing arrival,Unknown,None,No,3610,2,
Cynthia,OR,2018-2019,Cam2R_sd30_121018_0208_19_pt217_deer,62,12/10/18 13:50,2/7/19 15:01,N,2/7/19 14:59,1417:09:11,,Deer,5,5,Dec10-Dec29,101RECNX,58,3613,Bald Eagle,12/11/18,13:35:15,Cloudy,6,3,13:35:43,0:00:28,Not Adult,No - missing arrival,Small vehicle,None,Yes,3619,2,
Cynthia,OR,2018-2019,Cam2R_sd30_121018_0208_19_pt217_deer,62,12/10/18 13:50,2/7/19 15:01,N,2/7/19 14:59,1417:09:11,,Deer,5,5,Dec10-Dec29,101RECNX,59,3622,Bald Eagle,12/11/18,13:36:09,Cloudy,6,3,13:36:37,0:00:28,Not Adult,No - missing arrival and departure,Small vehicle,None,Yes,3627,2,
Cynthia,OR,2018-2019,Cam2R_sd30_121018_0208_19_pt217_deer,62,12/10/18 13:50,2/7/19 15:01,N,2/7/19 14:59,1417:09:11,,Deer,5,5,Dec10-Dec29,101RECNX,60,3634,Bald Eagle,12/11/18,13:37:12,Cloudy,6,3,13:37:18,0:00:06,Not Adult,No - missing arrival and departure,Semi,None,Yes,3639,2,
Cynthia,OR,2018-2019,Cam2R_sd30_121018_0208_19_pt217_deer,62,12/10/18 13:50,2/7/19 15:01,N,2/7/19 14:59,1417:09:11,,Deer,5,5,Dec10-Dec29,101RECNX,61,3643,Bald Eagle,12/11/18,13:37:39,Cloudy,6,3,13:38:42,0:01:03,Not Adult,No - missing arrival,Small vehicle,None,Yes,3664,2,
Cynthia,OR,2018-2019,Cam2R_sd30_121018_0208_19_pt217_deer,62,12/10/18 13:50,2/7/19 15:01,N,2/7/19 14:59,1417:09:11,,Deer,5,5,Dec10-Dec29,101RECNX,62,3667,Bald Eagle,12/11/18,13:39:02,Cloudy,6,3,13:41:17,0:02:15,Not Adult,No - missing arrival,Small vehicle,None,Yes,3703,2,
Cynthia,OR,2018-2019,Cam2R_sd30_121018_0208_19_pt217_deer,62,12/10/18 13:50,2/7/19 15:01,N,2/7/19 14:59,1417:09:11,,Deer,5,5,Dec10-Dec29,101RECNX,65,3733,Bald Eagle,12/11/18,13:43:54,Cloudy,6,3,13:46:43,0:02:49,Not Adult,No - missing arrival and departure,Unknown,None,No,3762,2,
Cynthia,OR,2018-2019,Cam2R_sd30_121018_0208_19_pt217_deer,62,12/10/18 13:50,2/7/19 15:01,N,2/7/19 14:59,1417:09:11,,Deer,5,5,Dec10-Dec29,101RECNX,66,3766,Bald Eagle,12/11/18,13:49:17,Cloudy,7,3,13:51:21,0:02:04,Not Adult,No - missing arrival,Small vehicle,None,Yes,3775,2,
Cynthia,OR,2018-2019,Cam2R_sd30_121018_0208_19_pt217_deer,62,12/10/18 13:50,2/7/19 15:01,N,2/7/19 14:59,1417:09:11,,Deer,5,5,Dec10-Dec29,101RECNX,67,3778,Bald Eagle,12/11/18,13:52:42,Cloudy,7,3,13:53:38,0:00:56,Not Adult,No - missing arrival and departure,Unknown,None,Yes,3801,2,
Cynthia,OR,2018-2019,Cam2R_sd30_121018_0208_19_pt217_deer,62,12/10/18 13:50,2/7/19 15:01,N,2/7/19 14:59,1417:09:11,,Deer,5,5,Dec10-Dec29,101RECNX,68,3807,Bald Eagle,12/11/18,13:54:40,Cloudy,7,3,13:55:55,0:01:15,Not Adult,Yes - captured arrival and departure,Unknown,None,Yes,3834,2,
Cynthia,OR,2018-2019,Cam2R_sd30_121018_0208_19_pt217_deer,62,12/10/18 13:50,2/7/19 15:01,N,2/7/19 14:59,1417:09:11,,Deer,5,5,Dec10-Dec29,101RECNX,71,3942,Bald Eagle,12/11/18,13:59:08,Cloudy,7,3,13:59:08,0:00:00,Not Adult,No - missing arrival and departure,Unknown,None,Yes,3942,2,Eagle is flying above the road for one picture.
Cynthia,OR,2018-2019,Cam2R_sd30_121018_0208_19_pt217_deer,62,12/10/18 13:50,2/7/19 15:01,N,2/7/19 14:59,1417:09:11,,Deer,5,5,Dec10-Dec29,101RECNX,72,3973,Golden Eagle,12/11/18,14:00:49,Cloudy,7,3,14:00:55,0:00:06,Not Adult,No - missing arrival and departure,Small vehicle,None,Yes,3981,2,
Cynthia,OR,2018-2019,Cam2R_sd30_121018_0208_19_pt217_deer,62,12/10/18 13:50,2/7/19 15:01,N,2/7/19 14:59,1417:09:11,,Deer,5,5,Dec10-Dec29,101RECNX,73,4076,Bald Eagle,12/11/18,14:03:29,Cloudy,8,3,14:03:57,0:00:28,Not Adult,Yes - captured arrival and departure,Unknown,None,No,4101,2,
Cynthia,OR,2018-2019,Cam2R_sd30_121018_0208_19_pt217_deer,62,12/10/18 13:50,2/7/19 15:01,N,2/7/19 14:59,1417:09:11,,Deer,5,5,Dec10-Dec29,101RECNX,74,4111,Golden Eagle,12/11/18,14:04:28,Cloudy,8,3,14:25:29,0:21:01,Not Adult,No - missing arrival,Unknown,None,Yes,4477,2,
Cynthia,OR,2018-2019,Cam2R_sd30_121018_0208_19_pt217_deer,62,12/10/18 13:50,2/7/19 15:01,N,2/7/19 14:59,1417:09:11,,Deer,5,5,Dec10-Dec29,101RECNX,75,4480,Bald Eagle,12/11/18,14:26:34,Partly Cloudy,7,3,14:26:51,0:00:17,Not Adult,No - missing arrival,Unknown,None,No,4486,2,
Cynthia,OR,2018-2019,Cam2R_sd30_121018_0208_19_pt217_deer,62,12/10/18 13:50,2/7/19 15:01,N,2/7/19 14:59,1417:09:11,,Deer,5,5,Dec10-Dec29,101RECNX,76,4495,Bald Eagle,12/11/18,14:30:20,Partly Cloudy,7,3,14:32:39,0:02:19,Not Adult,No - missing arrival,Small vehicle,None,Yes,4516,2,
Cynthia,OR,2018-2019,Cam2R_sd30_121018_0208_19_pt217_deer,62,12/10/18 13:50,2/7/19 15:01,N,2/7/19 14:59,1417:09:11,,Deer,5,5,Dec10-Dec29,101RECNX,77,4519,Bald Eagle,12/11/18,14:33:04,Cloudy,7,3,14:33:21,0:00:17,Not Adult,No - missing arrival,Small vehicle,None,Yes,4531,2,
Cynthia,OR,2018-2019,Cam2R_sd30_121018_0208_19_pt217_deer,62,12/10/18 13:50,2/7/19 15:01,N,2/7/19 14:59,1417:09:11,,Deer,5,5,Dec10-Dec29,101RECNX,78,4534,Bald Eagle,12/11/18,14:33:29,Cloudy,7,3,14:34:59,0:01:30,Not Adult,No - missing arrival,Unknown,None,No,4562,2,Eagle flies overhead
Cynthia,OR,2018-2019,Cam2R_sd30_121018_0208_19_pt217_deer,62,12/10/18 13:50,2/7/19 15:01,N,2/7/19 14:59,1417:09:11,,Deer,5,5,Dec10-Dec29,101RECNX,79,4564,Bald Eagle,12/11/18,14:35:08,Cloudy,7,3,14:36:40,0:01:32,Not Adult,No - missing arrival,Small vehicle,None,Yes,4570,2,
Cynthia,OR,2018-2019,Cam2R_sd30_121018_0208_19_pt217_deer,62,12/10/18 13:50,2/7/19 15:01,N,2/7/19 14:59,1417:09:11,,Deer,5,5,Dec10-Dec29,101RECNX,80,4573,Bald Eagle,12/11/18,14:37:13,Cloudy,7,3,14:37:14,0:00:01,Not Adult,No - missing arrival,Small vehicle,None,Yes,4574,2,
Cynthia,OR,2018-2019,Cam2R_sd30_121018_0208_19_pt217_deer,62,12/10/18 13:50,2/7/19 15:01,N,2/7/19 14:59,1417:09:11,,Deer,5,5,Dec10-Dec29,101RECNX,81,4576,Bald Eagle,12/11/18,14:38:27,Cloudy,7,3,14:38:39,0:00:12,Not Adult,Yes - captured arrival and departure,Small vehicle,None,Yes,4586,2,
Cynthia,OR,2018-2019,Cam2R_sd30_121018_0208_19_pt217_deer,62,12/10/18 13:50,2/7/19 15:01,N,2/7/19 14:59,1417:09:11,,Deer,5,5,Dec10-Dec29,101RECNX,82,4588,Bald Eagle,12/11/18,14:39:32,Cloudy,7,3,14:45:43,0:06:11,Not Adult,No - missing arrival,Small vehicle,None,Yes,4702,2,
Cynthia,OR,2018-2019,Cam2R_sd30_121018_0208_19_pt217_deer,62,12/10/18 13:50,2/7/19 15:01,N,2/7/19 14:59,1417:09:11,,Deer,5,5,Dec10-Dec29,101RECNX,83,4705,Bald Eagle,12/11/18,14:46:29,Cloudy,7,3,14:46:54,0:00:25,Not Adult,No - missing arrival,Small vehicle,None,Yes,4718,2,
Cynthia,OR,2018-2019,Cam2R_sd30_121018_0208_19_pt217_deer,62,12/10/18 13:50,2/7/19 15:01,N,2/7/19 14:59,1417:09:11,,Deer,5,5,Dec10-Dec29,101RECNX,84,4720,Bald Eagle,12/11/18,14:47:20,Cloudy,7,3,14:49:13,0:01:53,Not Adult,No - missing arrival,Small vehicle,None,Yes,4763,2,
Cynthia,OR,2018-2019,Cam2R_sd30_121018_0208_19_pt217_deer,62,12/10/18 13:50,2/7/19 15:01,N,2/7/19 14:59,1417:09:11,,Deer,5,5,Dec10-Dec29,101RECNX,85,4765,Bald Eagle,12/11/18,14:49:46,Cloudy,7,3,14:50:12,0:00:26,Not Adult,No - missing arrival,Small vehicle,None,Yes,4774,2,
Cynthia,OR,2018-2019,Cam2R_sd30_121018_0208_19_pt217_deer,62,12/10/18 13:50,2/7/19 15:01,N,2/7/19 14:59,1417:09:11,,Deer,5,5,Dec10-Dec29,101RECNX,86,4777,Bald Eagle,12/11/18,14:50:30,Cloudy,7,3,14:51:05,0:00:35,Not Adult,No - missing arrival,Large vehicle,None,Yes,4786,2,
Cynthia,OR,2018-2019,Cam2R_sd30_121018_0208_19_pt217_deer,62,12/10/18 13:50,2/7/19 15:01,N,2/7/19 14:59,1417:09:11,,Deer,5,5,Dec10-Dec29,101RECNX,87,4792,Bald Eagle,12/11/18,14:51:23,Cloudy,7,3,14:51:43,0:00:20,Not Adult,Yes - captured arrival and departure,Small vehicle,None,Yes,4798,2,
Cynthia,OR,2018-2019,Cam2R_sd30_121018_0208_19_pt217_deer,62,12/10/18 13:50,2/7/19 15:01,N,2/7/19 14:59,1417:09:11,,Deer,5,5,Dec10-Dec29,101RECNX,88,4801,Bald Eagle,12/11/18,14:05:54,Cloudy,7,3,14:52:05,0:46:11,Not Adult,No - missing arrival,Small vehicle,None,Yes,4804,2,
Cynthia,OR,2018-2019,Cam2R_sd30_121018_0208_19_pt217_deer,62,12/10/18 13:50,2/7/19 15:01,N,2/7/19 14:59,1417:09:11,,Deer,5,5,Dec10-Dec29,101RECNX,89,4813,Bald Eagle,12/11/18,14:53:12,Cloudy,7,3,14:53:37,0:00:25,Not Adult,Yes - captured arrival and departure,Small vehicle,None,Yes,4828,2,
Cynthia,OR,2018-2019,Cam2R_sd30_121018_0208_19_pt217_deer,62,12/10/18 13:50,2/7/19 15:01,N,2/7/19 14:59,1417:09:11,,Deer,5,5,Dec10-Dec29,101RECNX,90,4840,Bald Eagle,12/11/18,14:53:57,Cloudy,7,3,14:54:33,0:00:36,Not Adult,Yes - captured arrival and departure,Small vehicle,None,Yes,4853,2,
Cynthia,OR,2018-2019,Cam2R_sd30_121018_0208_19_pt217_deer,62,12/10/18 13:50,2/7/19 15:01,N,2/7/19 14:59,1417:09:11,,Deer,5,5,Dec10-Dec29,101RECNX,91,4858,Bald Eagle,12/11/18,14:54:45,Cloudy,7,3,14:56:33,0:01:48,Not Adult,No - missing arrival,Small vehicle,None,Yes,4900,2,
Cynthia,OR,2018-2019,Cam2R_sd30_121018_0208_19_pt217_deer,62,12/10/18 13:50,2/7/19 15:01,N,2/7/19 14:59,1417:09:11,,Deer,5,5,Dec10-Dec29,101RECNX,92,4903,Bald Eagle,12/11/18,14:56:50,Cloudy,7,3,14:58:36,0:01:46,Not Adult,No - missing arrival,Small vehicle,None,Yes,4936,2,
Cynthia,OR,2018-2019,Cam2R_sd30_121018_0208_19_pt217_deer,62,12/10/18 13:50,2/7/19 15:01,N,2/7/19 14:59,1417:09:11,,Deer,5,5,Dec10-Dec29,101RECNX,93,4943,Bald Eagle,12/11/18,14:58:50,Cloudy,7,3,14:59:50,0:01:00,Not Adult,Yes - captured arrival and departure,Small vehicle,None,Yes,4996,2,
Cynthia,OR,2018-2019,Cam2R_sd30_121018_0208_19_pt217_deer,62,12/10/18 13:50,2/7/19 15:01,N,2/7/19 14:59,1417:09:11,,Deer,5,5,Dec10-Dec29,101RECNX,96,5512,Bald Eagle,12/12/18,8:51:06,Sunny,4,3,8:51:59,0:00:53,Adult,No - missing arrival and departure,Unknown,None,No,5541,2,Fresh powdering of snow on the carcass
Cynthia,OR,2018-2019,Cam2R_sd30_121018_0208_19_pt217_deer,62,12/10/18 13:50,2/7/19 15:01,N,2/7/19 14:59,1417:09:11,,Deer,5,5,Dec10-Dec29,101RECNX,97,5575,Bald Eagle,12/12/18,8:55:38,Sunny,4,3,8:59:28,0:03:50,Adult,Yes - captured arrival and departure,Unknown,None,No,5669,2,
Cynthia,OR,2018-2019,Cam2R_sd30_121018_0208_19_pt217_deer,62,12/10/18 13:50,2/7/19 15:01,N,2/7/19 14:59,1417:09:11,,Deer,5,5,Dec10-Dec29,101RECNX,98,5686,Bald Eagle,12/12/18,9:00:23,Sunny,4,3,9:00:38,0:00:15,Adult,No - missing departure,Small vehicle,None,Yes,5694,2,
Cynthia,OR,2018-2019,Cam2R_sd30_121018_0208_19_pt217_deer,62,12/10/18 13:50,2/7/19 15:01,N,2/7/19 14:59,1417:09:11,,Deer,5,5,Dec10-Dec29,101RECNX,99,5770,Bald Eagle,12/12/18,9:03:31,Sunny,4,3,9:04:24,0:00:53,Adult,Yes - captured arrival and departure,Unknown,None,No,5809,2,
Cynthia,OR,2018-2019,Cam2R_sd30_121018_0208_19_pt217_deer,62,12/10/18 13:50,2/7/19 15:01,N,2/7/19 14:59,1417:09:11,,Deer,5,5,Dec10-Dec29,101RECNX,100,5816,Bald Eagle,12/12/18,9:05:07,Sunny,4,3,9:06:01,0:00:54,Adult,Yes - captured arrival and departure,Small vehicle,None,Yes,5838,2,
Cynthia,OR,2018-2019,Cam2R_sd30_121018_0208_19_pt217_deer,62,12/10/18 13:50,2/7/19 15:01,N,2/7/19 14:59,1417:09:11,,Deer,5,5,Dec10-Dec29,101RECNX,101,5893,Golden Eagle,12/12/18,9:20:08,Sunny,5,3,9:20:55,0:00:47,Not Adult,No - missing arrival and departure,Small vehicle,None,Yes,5926,1,Direct sunlight on camera makes the picture hazy
Cynthia,OR,2018-2019,Cam2R_sd30_121018_0208_19_pt217_deer,62,12/10/18 13:50,2/7/19 15:01,N,2/7/19 14:59,1417:09:11,,Deer,5,5,Dec10-Dec29,101RECNX,102,5935,Bald Eagle,12/12/18,9:22:08,Sunny,5,3,9:22:13,0:00:05,Adult,No - missing arrival and departure,Unknown,None,No,5940,1,
Cynthia,OR,2018-2019,Cam2R_sd30_121018_0208_19_pt217_deer,62,12/10/18 13:50,2/7/19 15:01,N,2/7/19 14:59,1417:09:11,,Deer,5,5,Dec10-Dec29,101RECNX,103,5953,Golden Eagle,12/12/18,9:23:09,Sunny,5,3,9:23:48,0:00:39,Not Adult,No - missing arrival,Unknown,None,No,5971,1,
Cynthia,OR,2018-2019,Cam2R_sd30_121018_0208_19_pt217_deer,62,12/10/18 13:50,2/7/19 15:01,N,2/7/19 14:59,1417:09:11,,Deer,5,5,Dec10-Dec29,101RECNX,104,5986,Bald Eagle,12/12/18,9:24:38,Sunny,8,3,9:26:31,0:01:53,Adult,Yes - captured arrival and departure,Small vehicle,None,Yes,6056,1,Eagle initially lands next to road and then flies to carcass
Cynthia,OR,2018-2019,Cam2R_sd30_121018_0208_19_pt217_deer,62,12/10/18 13:50,2/7/19 15:01,N,2/7/19 14:59,1417:09:11,,Deer,5,5,Dec10-Dec29,101RECNX,105,6084,Bald Eagle,12/12/18,9:27:06,Sunny,8,3,9:28:10,0:01:04,Adult,No - missing departure,Small vehicle,None,Yes,6128,1,
Cynthia,OR,2018-2019,Cam2R_sd30_121018_0208_19_pt217_deer,62,12/10/18 13:50,2/7/19 15:01,N,2/7/19 14:59,1417:09:11,,Deer,5,5,Dec10-Dec29,101RECNX,106,6169,Bald Eagle,12/12/18,9:29:15,Sunny,8,3,9:29:22,0:00:07,Adult,No - missing arrival,Small vehicle,None,Yes,6172,1,
Cynthia,OR,2018-2019,Cam2R_sd30_121018_0208_19_pt217_deer,62,12/10/18 13:50,2/7/19 15:01,N,2/7/19 14:59,1417:09:11,,Deer,5,5,Dec10-Dec29,101RECNX,107,6185,Bald Eagle,12/12/18,9:29:41,Sunny,8,3,9:29:52,0:00:11,Adult,Yes - captured arrival and departure,Small vehicle,None,Yes,6195,1,
Cynthia,OR,2018-2019,Cam2R_sd30_121018_0208_19_pt217_deer,62,12/10/18 13:50,2/7/19 15:01,N,2/7/19 14:59,1417:09:11,,Deer,5,5,Dec10-Dec29,101RECNX,108,6208,Golden Eagle,12/12/18,9:30:32,Sunny,8,3,9:34:00,0:03:28,Not Adult,No - missing arrival and departure,Small vehicle,None,Yes,6317,1,Two vehicles each going the opposite direction appear at the same time
Cynthia,OR,2018-2019,Cam2R_sd30_121018_0208_19_pt217_deer,62,12/10/18 13:50,2/7/19 15:01,N,2/7/19 14:59,1417:09:11,,Deer,5,5,Dec10-Dec29,101RECNX,109,6340,Golden Eagle,12/12/18,9:35:06,Sunny,9,3,9:36:34,0:01:28,Not Adult,No - missing arrival,Small vehicle,None,Yes,6405,1,
Cynthia,OR,2018-2019,Cam2R_sd30_121018_0208_19_pt217_deer,62,12/10/18 13:50,2/7/19 15:01,N,2/7/19 14:59,1417:09:11,,Deer,5,5,Dec10-Dec29,101RECNX,110,6430,Bald Eagle,12/12/18,9:37:47,Sunny,9,3,9:38:43,0:00:56,Adult,No - missing arrival,Unknown,None,No,6462,1,
Cynthia,OR,2018-2019,Cam2R_sd30_121018_0208_19_pt217_deer,62,12/10/18 13:50,2/7/19 15:01,N,2/7/19 14:59,1417:09:11,,Deer,5,5,Dec10-Dec29,101RECNX,111,6463,Golden Eagle,12/12/18,9:38:57,Sunny,9,3,9:42:35,0:03:38,Not Adult,No - missing arrival and departure,Semi,None,Yes,6517,1,
